education,avg_flights
High School or Below,1.3186897040388075
Bachelor,1.2884068902252575
Master,1.288361320208454
Doctor,1.2764908256880734
