loyalty_card,avg_points
Aurora,2019.966874469142
Nova,2006.3854766160555
Star,2003.4852788334756
